Metric,Mean,Std,r with RT,p-value
Surface Word Depth,287.5800586510264,446.93378916456214,0.09275085411908626,9.403695273345334e-18
Lemma Depth,205.1257478005865,331.0091780096169,0.0890161612068463,1.80929248239537e-16
