Analysis,R²
Part II H1: Freq,0.018810032245467956
Part II H1: GPT-3,0.019674141715621207
Part II H2: Content+Freq,0.03399522097011043
Part II H2: Content+GPT-3,0.033442251436406445
Part II H2: Function+Freq,0.007668290885724849
Part II H2: Function+GPT-3,0.014746284621311667
Part III H1: Surface,0.018810032245467956
Part III H1: Lemma,0.019156709428986396
